<?xml version="1.0"?>
<data grt_format="2.0">
  <value _ptr_="000001D1B440BE50" type="list" content-type="object" content-struct-name="db.mgmt.Connection">
    <value type="object" struct-name="db.mgmt.Connection" id="{82098F76-CB5E-4E38-B155-2AE7D897DE6C}" struct-checksum="0x96ba47d8">
      <link type="object" struct-name="db.mgmt.Driver" key="driver">com.mysql.rdbms.mysql.driver.native</link>
      <value type="string" key="hostIdentifier">Mysql@127.0.0.1:3306</value>
      <value type="int" key="isDefault">1</value>
      <value _ptr_="000001D1BA324420" type="dict" key="modules"/>
      <value _ptr_="000001D1BA3242A0" type="dict" key="parameterValues">
        <value type="string" key="DbSqlEditor:LastDefaultSchema">educacentro</value>
        <value type="string" key="SQL_MODE"></value>
        <value type="string" key="hostName">127.0.0.1</value>
        <value type="int" key="lastConnected">1688752082</value>
        <value type="string" key="password"></value>
        <value type="int" key="port">3306</value>
        <value type="string" key="serverVersion">8.0.33</value>
        <value type="string" key="sslCA"></value>
        <value type="string" key="sslCert"></value>
        <value type="string" key="sslCipher"></value>
        <value type="string" key="sslKey"></value>
        <value type="int" key="useSSL">1</value>
        <value type="string" key="userName">root</value>
      </value>
      <value type="string" key="name">Mysql</value>
      <link type="object" struct-name="GrtObject" key="owner">{7C517684-2271-4B3C-BA96-7FF19D7F9DBA}</link>
    </value>
    <value type="object" struct-name="db.mgmt.Connection" id="{07F3BB8F-EDA1-479E-9C60-E476D085B701}" struct-checksum="0x96ba47d8">
      <link type="object" struct-name="db.mgmt.Driver" key="driver">com.mysql.rdbms.mysql.driver.native</link>
      <value type="string" key="hostIdentifier">Mysql@127.0.0.1:3306</value>
      <value type="int" key="isDefault">0</value>
      <value _ptr_="000001D1BA324FC0" type="dict" key="modules"/>
      <value _ptr_="000001D1BA324CC0" type="dict" key="parameterValues">
        <value type="string" key="SQL_MODE"></value>
        <value type="string" key="hostName">127.0.0.1</value>
        <value type="int" key="lastConnected">1687538364</value>
        <value type="string" key="password"></value>
        <value type="int" key="port">3306</value>
        <value type="string" key="schema">jardineria</value>
        <value type="string" key="serverVersion">8.0.33</value>
        <value type="string" key="sslCA"></value>
        <value type="string" key="sslCert"></value>
        <value type="string" key="sslCipher"></value>
        <value type="string" key="sslKey"></value>
        <value type="int" key="useSSL">1</value>
        <value type="string" key="userName">contable</value>
      </value>
      <value type="string" key="name">Contabilidad</value>
      <link type="object" struct-name="GrtObject" key="owner">{7C517684-2271-4B3C-BA96-7FF19D7F9DBA}</link>
    </value>
    <value type="object" struct-name="db.mgmt.Connection" id="{BBD65CA4-F281-4F7A-A47A-7D82D3A6EC06}" struct-checksum="0x96ba47d8">
      <link type="object" struct-name="db.mgmt.Driver" key="driver">com.mysql.rdbms.mysql.driver.native</link>
      <value type="string" key="hostIdentifier">Mysql@127.0.0.1:3306</value>
      <value type="int" key="isDefault">0</value>
      <value _ptr_="000001D1BA324480" type="dict" key="modules"/>
      <value _ptr_="000001D1BA3247E0" type="dict" key="parameterValues">
        <value type="string" key="DbSqlEditor:LastDefaultSchema">jardineria</value>
        <value type="string" key="SQL_MODE"></value>
        <value type="string" key="hostName">127.0.0.1</value>
        <value type="int" key="lastConnected">1687538354</value>
        <value type="string" key="password"></value>
        <value type="int" key="port">3306</value>
        <value type="string" key="serverVersion">8.0.33</value>
        <value type="string" key="sslCA"></value>
        <value type="string" key="sslCert"></value>
        <value type="string" key="sslCipher"></value>
        <value type="string" key="sslKey"></value>
        <value type="int" key="useSSL">1</value>
        <value type="string" key="userName">capataz</value>
      </value>
      <value type="string" key="name">Jefatura</value>
      <link type="object" struct-name="GrtObject" key="owner">{7C517684-2271-4B3C-BA96-7FF19D7F9DBA}</link>
    </value>
    <value type="object" struct-name="db.mgmt.Connection" id="{87B9C1D0-4837-4924-A5D2-FA792C6FB8DA}" struct-checksum="0x96ba47d8">
      <link type="object" struct-name="db.mgmt.Driver" key="driver">com.mysql.rdbms.mysql.driver.native</link>
      <value type="string" key="hostIdentifier">Mysql@127.0.0.1:3307</value>
      <value type="int" key="isDefault">0</value>
      <value _ptr_="000001D1BA324A20" type="dict" key="modules"/>
      <value _ptr_="000001D1BA324D80" type="dict" key="parameterValues">
        <value type="string" key="DbSqlEditor:LastDefaultSchema">phpmyadmin</value>
        <value type="string" key="SQL_MODE"></value>
        <value type="string" key="hostName">127.0.0.1</value>
        <value type="int" key="lastConnected">1687282387</value>
        <value type="string" key="password"></value>
        <value type="int" key="port">3307</value>
        <value type="string" key="schema"></value>
        <value type="string" key="serverVersion">10.4.28-MariaDB</value>
        <value type="string" key="sslCA"></value>
        <value type="string" key="sslCert"></value>
        <value type="string" key="sslCipher"></value>
        <value type="string" key="sslKey"></value>
        <value type="int" key="useSSL">1</value>
        <value type="string" key="userName">root</value>
      </value>
      <value type="string" key="name">xampp</value>
      <link type="object" struct-name="GrtObject" key="owner">{7C517684-2271-4B3C-BA96-7FF19D7F9DBA}</link>
    </value>
    <value type="object" struct-name="db.mgmt.Connection" id="{A1D80403-BDE3-43D5-9790-AB9910DF3EDD}" struct-checksum="0x96ba47d8">
      <link type="object" struct-name="db.mgmt.Driver" key="driver">com.mysql.rdbms.mysql.driver.native</link>
      <value type="string" key="hostIdentifier">Mysql@127.0.0.1:3306</value>
      <value type="int" key="isDefault">0</value>
      <value _ptr_="000001D1BA324EA0" type="dict" key="modules"/>
      <value _ptr_="000001D1BA324F60" type="dict" key="parameterValues">
        <value type="string" key="SQL_MODE"></value>
        <value type="string" key="hostName">127.0.0.1</value>
        <value type="int" key="lastConnected">1687538449</value>
        <value type="string" key="password"></value>
        <value type="int" key="port">3306</value>
        <value type="string" key="serverVersion">8.0.33</value>
        <value type="string" key="sslCA"></value>
        <value type="string" key="sslCert"></value>
        <value type="string" key="sslCipher"></value>
        <value type="string" key="sslKey"></value>
        <value type="int" key="useSSL">1</value>
        <value type="string" key="userName">jardinero</value>
      </value>
      <value type="string" key="name">Jardinero</value>
      <link type="object" struct-name="GrtObject" key="owner">{7C517684-2271-4B3C-BA96-7FF19D7F9DBA}</link>
    </value>
    <value type="object" struct-name="db.mgmt.Connection" id="{AC05818A-B75C-4C27-88AB-1413B7D58621}" struct-checksum="0x96ba47d8">
      <link type="object" struct-name="db.mgmt.Driver" key="driver">com.mysql.rdbms.mysql.driver.native</link>
      <value type="string" key="hostIdentifier">Mysql@127.0.0.1:3306</value>
      <value type="int" key="isDefault">0</value>
      <value _ptr_="000001D1BA3239A0" type="dict" key="modules"/>
      <value _ptr_="000001D1BA323DC0" type="dict" key="parameterValues">
        <value type="string" key="SQL_MODE"></value>
        <value type="string" key="hostName">127.0.0.1</value>
        <value type="int" key="lastConnected">1687542714</value>
        <value type="string" key="password"></value>
        <value type="int" key="port">3306</value>
        <value type="string" key="serverVersion">8.0.33</value>
        <value type="string" key="sslCA"></value>
        <value type="string" key="sslCert"></value>
        <value type="string" key="sslCipher"></value>
        <value type="string" key="sslKey"></value>
        <value type="int" key="useSSL">1</value>
        <value type="string" key="userName">repartidor</value>
      </value>
      <value type="string" key="name">Repartidor</value>
      <link type="object" struct-name="GrtObject" key="owner">{7C517684-2271-4B3C-BA96-7FF19D7F9DBA}</link>
    </value>
    <value type="object" struct-name="db.mgmt.Connection" id="{6F9CEC25-C4C7-4624-B5C4-18BB536C6D2F}" struct-checksum="0x96ba47d8">
      <link type="object" struct-name="db.mgmt.Driver" key="driver">com.mysql.rdbms.mysql.driver.native</link>
      <value type="string" key="hostIdentifier">Mysql@127.0.0.1:3306</value>
      <value type="int" key="isDefault">0</value>
      <value _ptr_="000001D1BA323BE0" type="dict" key="modules"/>
      <value _ptr_="000001D1BA323CA0" type="dict" key="parameterValues">
        <value type="string" key="DbSqlEditor:LastDefaultSchema">supermercado_1</value>
        <value type="string" key="SQL_MODE"></value>
        <value type="string" key="hostName">127.0.0.1</value>
        <value type="int" key="lastConnected">1688749184</value>
        <value type="string" key="password"></value>
        <value type="int" key="port">3306</value>
        <value type="string" key="schema"></value>
        <value type="string" key="serverVersion">8.0.33</value>
        <value type="string" key="sslCA"></value>
        <value type="string" key="sslCert"></value>
        <value type="string" key="sslCipher"></value>
        <value type="string" key="sslKey"></value>
        <value type="int" key="useSSL">1</value>
        <value type="string" key="userName">Cajero1</value>
      </value>
      <value type="string" key="name">Cajero_1</value>
      <link type="object" struct-name="GrtObject" key="owner">{7C517684-2271-4B3C-BA96-7FF19D7F9DBA}</link>
    </value>
    <value type="object" struct-name="db.mgmt.Connection" id="{26DD5127-FA05-44FE-8086-E4FC2F85E9FC}" struct-checksum="0x96ba47d8">
      <link type="object" struct-name="db.mgmt.Driver" key="driver">com.mysql.rdbms.mysql.driver.native</link>
      <value type="string" key="hostIdentifier">Mysql@127.0.0.1:3306</value>
      <value type="int" key="isDefault">0</value>
      <value _ptr_="000001D1BA325C80" type="dict" key="modules"/>
      <value _ptr_="000001D1BA3250E0" type="dict" key="parameterValues">
        <value type="string" key="SQL_MODE"></value>
        <value type="string" key="hostName">127.0.0.1</value>
        <value type="int" key="lastConnected">1688489142</value>
        <value type="string" key="password"></value>
        <value type="int" key="port">3306</value>
        <value type="string" key="schema"></value>
        <value type="string" key="serverVersion">8.0.33</value>
        <value type="string" key="sslCA"></value>
        <value type="string" key="sslCert"></value>
        <value type="string" key="sslCipher"></value>
        <value type="string" key="sslKey"></value>
        <value type="int" key="useSSL">1</value>
        <value type="string" key="userName">Cajero2</value>
      </value>
      <value type="string" key="name">Cajero_2</value>
      <link type="object" struct-name="GrtObject" key="owner">{7C517684-2271-4B3C-BA96-7FF19D7F9DBA}</link>
    </value>
    <value type="object" struct-name="db.mgmt.Connection" id="{5BB1A978-0882-4FDF-92E4-D7BC17B449DD}" struct-checksum="0x96ba47d8">
      <link type="object" struct-name="db.mgmt.Driver" key="driver">com.mysql.rdbms.mysql.driver.native</link>
      <value type="string" key="hostIdentifier">Mysql@127.0.0.1:3306</value>
      <value type="int" key="isDefault">0</value>
      <value _ptr_="000001D1BA3266A0" type="dict" key="modules"/>
      <value _ptr_="000001D1BA3256E0" type="dict" key="parameterValues">
        <value type="string" key="SQL_MODE"></value>
        <value type="string" key="hostName">127.0.0.1</value>
        <value type="int" key="lastConnected">1688489083</value>
        <value type="string" key="password"></value>
        <value type="int" key="port">3306</value>
        <value type="string" key="schema"></value>
        <value type="string" key="serverVersion">8.0.33</value>
        <value type="string" key="sslCA"></value>
        <value type="string" key="sslCert"></value>
        <value type="string" key="sslCipher"></value>
        <value type="string" key="sslKey"></value>
        <value type="int" key="useSSL">1</value>
        <value type="string" key="userName">cajero4</value>
      </value>
      <value type="string" key="name">Cajero_4</value>
      <link type="object" struct-name="GrtObject" key="owner">{7C517684-2271-4B3C-BA96-7FF19D7F9DBA}</link>
    </value>
    <value type="object" struct-name="db.mgmt.Connection" id="{D82C4DB8-1589-46CE-AE46-4C9D25F5FCB3}" struct-checksum="0x96ba47d8">
      <link type="object" struct-name="db.mgmt.Driver" key="driver">com.mysql.rdbms.mysql.driver.native</link>
      <value type="string" key="hostIdentifier">Mysql@127.0.0.1:3306</value>
      <value type="int" key="isDefault">0</value>
      <value _ptr_="000001D1BA325740" type="dict" key="modules"/>
      <value _ptr_="000001D1BA325080" type="dict" key="parameterValues">
        <value type="string" key="SQL_MODE"></value>
        <value type="string" key="hostName">127.0.0.1</value>
        <value type="int" key="lastConnected">1688484888</value>
        <value type="string" key="password"></value>
        <value type="int" key="port">3306</value>
        <value type="string" key="schema"></value>
        <value type="string" key="serverVersion">8.0.33</value>
        <value type="string" key="sslCA"></value>
        <value type="string" key="sslCert"></value>
        <value type="string" key="sslCipher"></value>
        <value type="string" key="sslKey"></value>
        <value type="int" key="useSSL">1</value>
        <value type="string" key="userName">cajero5</value>
      </value>
      <value type="string" key="name">Cajero_5</value>
      <link type="object" struct-name="GrtObject" key="owner">{7C517684-2271-4B3C-BA96-7FF19D7F9DBA}</link>
    </value>
  </value>
</data>
