<?xml version="1.0"?>
<data grt_format="2.0">
  <value _ptr_="000001D1B440CB00" type="list" content-type="object" content-struct-name="db.mgmt.ServerInstance">
    <value type="object" struct-name="db.mgmt.ServerInstance" id="{41FFD45B-1A0C-4881-80E3-AFA3B32CEB8E}" struct-checksum="0x367436e2">
      <link type="object" struct-name="db.mgmt.Connection" key="connection">{82098F76-CB5E-4E38-B155-2AE7D897DE6C}</link>
      <value _ptr_="000001D1BA3252C0" type="dict" key="loginInfo">
        <value type="string" key="ssh.hostName"></value>
        <value type="string" key="ssh.key">C:\Users\basesdatos\AppData\Roaming/.ssh/ssh_private_key</value>
        <value type="string" key="ssh.localPort">3306</value>
        <value type="int" key="ssh.useKey">0</value>
        <value type="string" key="ssh.userName">mysql</value>
      </value>
      <value _ptr_="000001D1BA327060" type="dict" key="serverInfo">
        <value type="string" key="serverVersion">8.0.33</value>
        <value type="int" key="setupPending">0</value>
        <value type="string" key="sys.sudo"></value>
        <value type="int" key="sys.usesudo">0</value>
        <value type="int" key="sys.usesudostatus">0</value>
        <value type="int" key="windowsAdmin">1</value>
      </value>
      <value type="string" key="name">Mysql</value>
    </value>
    <value type="object" struct-name="db.mgmt.ServerInstance" id="{CB113E68-F0A8-4185-8C03-9CA2DF888B01}" struct-checksum="0x367436e2">
      <link type="object" struct-name="db.mgmt.Connection" key="connection">{07F3BB8F-EDA1-479E-9C60-E476D085B701}</link>
      <value _ptr_="000001D1BA326880" type="dict" key="loginInfo">
        <value type="string" key="ssh.hostName"></value>
        <value type="string" key="ssh.key">C:\Users\basesdatos\AppData\Roaming/.ssh/ssh_private_key</value>
        <value type="string" key="ssh.localPort">3306</value>
        <value type="int" key="ssh.useKey">0</value>
        <value type="string" key="ssh.userName">mysql</value>
      </value>
      <value _ptr_="000001D1BA327420" type="dict" key="serverInfo">
        <value type="int" key="setupPending">0</value>
        <value type="string" key="sys.sudo"></value>
        <value type="int" key="windowsAdmin">1</value>
      </value>
      <value type="string" key="name">Contabilidad</value>
    </value>
    <value type="object" struct-name="db.mgmt.ServerInstance" id="{C72645D4-E90E-460B-B53B-1F0742C18911}" struct-checksum="0x367436e2">
      <link type="object" struct-name="db.mgmt.Connection" key="connection">{BBD65CA4-F281-4F7A-A47A-7D82D3A6EC06}</link>
      <value _ptr_="000001D1BA3274E0" type="dict" key="loginInfo">
        <value type="string" key="ssh.hostName"></value>
        <value type="string" key="ssh.key">C:\Users\basesdatos\AppData\Roaming/.ssh/ssh_private_key</value>
        <value type="string" key="ssh.localPort">3306</value>
        <value type="int" key="ssh.useKey">0</value>
        <value type="string" key="ssh.userName">mysql</value>
      </value>
      <value _ptr_="000001D1BA329220" type="dict" key="serverInfo">
        <value type="int" key="setupPending">0</value>
        <value type="string" key="sys.sudo"></value>
        <value type="int" key="windowsAdmin">1</value>
      </value>
      <value type="string" key="name">Jefatura</value>
    </value>
    <value type="object" struct-name="db.mgmt.ServerInstance" id="{82AB4FCC-8245-4F45-87BE-E752F50649AE}" struct-checksum="0x367436e2">
      <link type="object" struct-name="db.mgmt.Connection" key="connection">{87B9C1D0-4837-4924-A5D2-FA792C6FB8DA}</link>
      <value _ptr_="000001D1BA329700" type="dict" key="loginInfo">
        <value type="string" key="ssh.hostName"></value>
        <value type="string" key="ssh.key">C:\Users\basesdatos\AppData\Roaming/.ssh/ssh_private_key</value>
        <value type="string" key="ssh.localPort">3306</value>
        <value type="int" key="ssh.useKey">0</value>
        <value type="string" key="ssh.userName">mysql</value>
      </value>
      <value _ptr_="000001D1BA328680" type="dict" key="serverInfo">
        <value type="int" key="setupPending">1</value>
        <value type="int" key="windowsAdmin">1</value>
      </value>
      <value type="string" key="name">xampp</value>
    </value>
    <value type="object" struct-name="db.mgmt.ServerInstance" id="{AEA6DED9-824F-463A-81B3-D4F7ADDC3257}" struct-checksum="0x367436e2">
      <link type="object" struct-name="db.mgmt.Connection" key="connection">{A1D80403-BDE3-43D5-9790-AB9910DF3EDD}</link>
      <value _ptr_="000001D1BA3280E0" type="dict" key="loginInfo">
        <value type="string" key="ssh.hostName"></value>
        <value type="string" key="ssh.key">C:\Users\basesdatos\AppData\Roaming/.ssh/ssh_private_key</value>
        <value type="string" key="ssh.localPort">3306</value>
        <value type="int" key="ssh.useKey">0</value>
        <value type="string" key="ssh.userName">mysql</value>
      </value>
      <value _ptr_="000001D1BA329940" type="dict" key="serverInfo">
        <value type="int" key="setupPending">0</value>
        <value type="string" key="sys.sudo"></value>
        <value type="int" key="windowsAdmin">1</value>
      </value>
      <value type="string" key="name">Jardinero</value>
    </value>
    <value type="object" struct-name="db.mgmt.ServerInstance" id="{4CF0BEE9-1C23-4E1D-B853-C60633DB5415}" struct-checksum="0x367436e2">
      <link type="object" struct-name="db.mgmt.Connection" key="connection">{AC05818A-B75C-4C27-88AB-1413B7D58621}</link>
      <value _ptr_="000001D1BA322800" type="dict" key="loginInfo">
        <value type="string" key="ssh.hostName"></value>
        <value type="string" key="ssh.key">C:\Users\basesdatos\AppData\Roaming/.ssh/ssh_private_key</value>
        <value type="string" key="ssh.localPort">3306</value>
        <value type="int" key="ssh.useKey">0</value>
        <value type="string" key="ssh.userName">mysql</value>
      </value>
      <value _ptr_="000001D1BA322680" type="dict" key="serverInfo">
        <value type="int" key="setupPending">0</value>
        <value type="string" key="sys.sudo"></value>
        <value type="int" key="windowsAdmin">1</value>
      </value>
      <value type="string" key="name">Repartidor</value>
    </value>
    <value type="object" struct-name="db.mgmt.ServerInstance" id="{37ED0F70-7F0A-4DC0-9E64-ADBB7D3EA608}" struct-checksum="0x367436e2">
      <link type="object" struct-name="db.mgmt.Connection" key="connection">{6F9CEC25-C4C7-4624-B5C4-18BB536C6D2F}</link>
      <value _ptr_="000001D1BA3226E0" type="dict" key="loginInfo">
        <value type="string" key="ssh.hostName"></value>
        <value type="string" key="ssh.key">C:\Users\basesdatos\AppData\Roaming/.ssh/ssh_private_key</value>
        <value type="string" key="ssh.localPort">3306</value>
        <value type="int" key="ssh.useKey">0</value>
        <value type="string" key="ssh.userName">mysql</value>
      </value>
      <value _ptr_="000001D1BA322DA0" type="dict" key="serverInfo">
        <value type="int" key="setupPending">0</value>
        <value type="string" key="sys.sudo"></value>
        <value type="int" key="windowsAdmin">1</value>
      </value>
      <value type="string" key="name">Cajero_1</value>
    </value>
    <value type="object" struct-name="db.mgmt.ServerInstance" id="{01B6AF43-D8A6-4951-B94A-FBFC185AD501}" struct-checksum="0x367436e2">
      <link type="object" struct-name="db.mgmt.Connection" key="connection">{26DD5127-FA05-44FE-8086-E4FC2F85E9FC}</link>
      <value _ptr_="000001D1BA3234C0" type="dict" key="loginInfo">
        <value type="string" key="ssh.hostName"></value>
        <value type="string" key="ssh.key">C:\Users\basesdatos\AppData\Roaming/.ssh/ssh_private_key</value>
        <value type="string" key="ssh.localPort">3306</value>
        <value type="int" key="ssh.useKey">0</value>
        <value type="string" key="ssh.userName">mysql</value>
      </value>
      <value _ptr_="000001D1BA322E60" type="dict" key="serverInfo">
        <value type="int" key="setupPending">0</value>
        <value type="string" key="sys.sudo"></value>
        <value type="int" key="windowsAdmin">1</value>
      </value>
      <value type="string" key="name">Cajero_2</value>
    </value>
    <value type="object" struct-name="db.mgmt.ServerInstance" id="{7E1F84D6-17ED-460E-BED6-E18E22B47FB1}" struct-checksum="0x367436e2">
      <link type="object" struct-name="db.mgmt.Connection" key="connection">{5BB1A978-0882-4FDF-92E4-D7BC17B449DD}</link>
      <value _ptr_="000001D1BA322860" type="dict" key="loginInfo">
        <value type="string" key="ssh.hostName"></value>
        <value type="string" key="ssh.key">C:\Users\basesdatos\AppData\Roaming/.ssh/ssh_private_key</value>
        <value type="string" key="ssh.localPort">3306</value>
        <value type="int" key="ssh.useKey">0</value>
        <value type="string" key="ssh.userName">mysql</value>
      </value>
      <value _ptr_="000001D1BA322500" type="dict" key="serverInfo">
        <value type="int" key="setupPending">0</value>
        <value type="string" key="sys.sudo"></value>
        <value type="int" key="windowsAdmin">1</value>
      </value>
      <value type="string" key="name">Cajero_4</value>
    </value>
    <value type="object" struct-name="db.mgmt.ServerInstance" id="{3ADFFAF2-A297-4223-830D-D316BEBF751F}" struct-checksum="0x367436e2">
      <link type="object" struct-name="db.mgmt.Connection" key="connection">{D82C4DB8-1589-46CE-AE46-4C9D25F5FCB3}</link>
      <value _ptr_="000001D1BA322FE0" type="dict" key="loginInfo">
        <value type="string" key="ssh.hostName"></value>
        <value type="string" key="ssh.key">C:\Users\basesdatos\AppData\Roaming/.ssh/ssh_private_key</value>
        <value type="string" key="ssh.localPort">3306</value>
        <value type="int" key="ssh.useKey">0</value>
        <value type="string" key="ssh.userName">mysql</value>
      </value>
      <value _ptr_="000001D1BA323220" type="dict" key="serverInfo">
        <value type="int" key="setupPending">0</value>
        <value type="string" key="sys.sudo"></value>
        <value type="int" key="windowsAdmin">1</value>
      </value>
      <value type="string" key="name">Cajero_5</value>
    </value>
  </value>
</data>
